Metric	Value
Accuracy	0.9402985074626866
Macro Avg Precision	0.9791965566714491
Macro Avg Recall	0.9791965566714491
Macro Avg F1-Score	0.9791965566714491
Weighted Avg Precision	0.9402985074626866
Weighted Avg Recall	0.9402985074626866
Weighted Avg F1-Score	0.9402985074626866
